<?xml version="1.0" encoding="UTF-8"?>
<ti:module xmlns:ti="http://ti.appcelerator.org" xmlns:android="http://schemas.android.com/apk/res/android">
	<!--
		Similar to tiapp.xml, but contains module/platform specific
		configuration in <iphone>, <android>, and <mobileweb> sections
	-->
	<iphone>
	</iphone>
	<android xmlns:android="http://schemas.android.com/apk/res/android">
		<uses-permission android:name="android.permission.INTERNET" />
<uses-permission android:name="android.permission.ACCESS_NETWORK_STATE" />
<uses-permission android:name="android.permission.ACCESS_COARSE_LOCATION" />
<uses-permission android:name="android.permission.WRITE_EXTERNAL_STORAGE"/>
<uses-permission android:name="android.permission.ACCESS_WIFI_STATE" />
	<application>
		
		
		<activity android:name="com.moblyft.activity.MLInterstitialActivity" android:configChanges="orientation|screenSize" android:label="@string/app_name" android:theme="@android:style/Theme.Translucent.NoTitleBar"></activity>

<activity android:name="com.moblyft.activity.MLVideoActivity" android:configChanges="orientation|screenSize" android:label="@string/app_name" android:theme="@android:style/Theme.NoTitleBar.Fullscreen"></activity>

<activity android:name="com.moblyft.activity.MLVideoEndCardActivity" android:configChanges="orientation|screenSize" android:label="@string/app_name" android:theme="@android:style/Theme.NoTitleBar.Fullscreen"></activity>

<activity android:name="com.moblyft.activity.MLInterstitialActivity" android:configChanges="orientation|screenSize" android:label="@string/app_name" android:theme="@android:style/Theme.Translucent.NoTitleBar"></activity>

<activity android:name="com.moblyft.activity.MLVideoActivity" android:configChanges="orientation|screenSize" android:label="@string/app_name" android:theme="@android:style/Theme.NoTitleBar.Fullscreen"></activity>

<activity android:name="com.moblyft.activity.MLVideoEndCardActivity" android:configChanges="orientation|screenSize" android:label="@string/app_name" android:theme="@android:style/Theme.NoTitleBar.Fullscreen"></activity>

<activity android:name="com.moblyft.activity.MLWebViewActivity" android:configChanges="orientation|screenSize" android:label="@string/app_name"  android:theme="@android:style/Theme.NoTitleBar.Fullscreen"></activity>		
		
		
	</application>
	</android>
	<mobileweb>
	</mobileweb>
</ti:module>
